<?xml version="1.0" encoding="UTF-8"?>
<metadata xml:lang="en"><Esri><CreaDate>20230306</CreaDate><CreaTime>11295400</CreaTime><ArcGISFormat>1.0</ArcGISFormat><SyncOnce>TRUE</SyncOnce><DataProperties><lineage><Process ToolSource="c:\program files\arcgis\pro\Resources\ArcToolbox\toolboxes\Data Management Tools.tbx\CreateRandomPoints" Date="20230306" Time="112954">CreateRandomPoints R:\RCSPDATA-Q4868\Project1\NRM_regions_2020 GBRCA_sampling GBRCA_grazing "0 0 250 250" 100 "10 Kilometers" POINT 0</Process></lineage></DataProperties></Esri></metadata>
